{"cameraMode":{"drawMode":0,"name":"Shaded","section":"Shading Mode"},"sceneLighting":true,"audioPlay":false,"sceneViewState":{"showFog":true,"showMaterialUpdate":false,"showSkybox":true,"showFlares":true,"showImageEffects":true,"showParticleSystems":true},"in2DMode":false,"pivot":{"x":0.004144325852394104,"y":1.1571944952011109,"z":-0.26051613688468935},"rotation":{"x":0.0032458046916872265,"y":0.9966638684272766,"z":-0.072181336581707,"w":0.04069647938013077},"size":2.7392795085906984,"orthographic":false}