{"cameraMode":{"drawMode":0,"name":"Shaded","section":"Shading Mode"},"sceneLighting":true,"audioPlay":false,"sceneViewState":{"showFog":true,"showMaterialUpdate":false,"showSkybox":true,"showFlares":true,"showImageEffects":true,"showParticleSystems":true},"in2DMode":false,"pivot":{"x":-1.143808364868164,"y":1.5747947692871094,"z":-0.8710899353027344},"rotation":{"x":0.06880941241979599,"y":-0.9306702613830566,"z":0.26994818449020388,"w":0.23724956810474397},"size":64.60791015625,"orthographic":false}