{"cameraMode":{"drawMode":0,"name":"Shaded","section":"Shading Mode"},"sceneLighting":true,"audioPlay":false,"sceneViewState":{"showFog":false,"showMaterialUpdate":false,"showSkybox":false,"showFlares":false,"showImageEffects":false,"showParticleSystems":false},"in2DMode":false,"pivot":{"x":-2.1270151138305666,"y":3.2822418212890627,"z":-1.1501541137695313},"rotation":{"x":0.09283467382192612,"y":0.905966579914093,"z":-0.31968075037002566,"w":0.26208817958831789},"size":13.975103378295899,"orthographic":false}