{"cameraMode":{"drawMode":0,"name":"Shaded","section":"Shading Mode"},"sceneLighting":true,"audioPlay":false,"sceneViewState":{"showFog":true,"showMaterialUpdate":false,"showSkybox":true,"showFlares":true,"showImageEffects":true,"showParticleSystems":true},"in2DMode":false,"pivot":{"x":-2.9592833518981935,"y":5.1415510177612309,"z":-14.109054565429688},"rotation":{"x":0.00385797000490129,"y":-0.9838823080062866,"z":0.1778368204832077,"w":0.022755758836865426},"size":5.149434566497803,"orthographic":false}