{"cameraMode":{"drawMode":0,"name":"Shaded","section":"Shading Mode"},"sceneLighting":true,"audioPlay":false,"sceneViewState":{"showFog":true,"showMaterialUpdate":false,"showSkybox":true,"showFlares":true,"showImageEffects":true,"showParticleSystems":true},"in2DMode":false,"pivot":{"x":0.0,"y":1.18492591381073,"z":-1.9398903846740723},"rotation":{"x":-0.047285567969083789,"y":0.9509736895561218,"z":-0.24364420771598817,"w":-0.18456657230854035},"size":5.139279842376709,"orthographic":false}