{"cameraMode":{"drawMode":0,"name":"Shaded","section":"Shading Mode"},"sceneLighting":true,"audioPlay":false,"sceneViewState":{"showFog":true,"showMaterialUpdate":false,"showSkybox":true,"showFlares":true,"showImageEffects":true,"showParticleSystems":true},"in2DMode":false,"pivot":{"x":0.8847070932388306,"y":2.830186367034912,"z":-21.165740966796876},"rotation":{"x":0.011351044289767743,"y":0.9886286854743958,"z":-0.10149988532066345,"w":0.11049208790063858},"size":10.482460975646973,"orthographic":false}