{"cameraMode":{"drawMode":0,"name":"Shaded","section":"Shading Mode"},"sceneLighting":true,"audioPlay":false,"sceneViewState":{"showFog":true,"showMaterialUpdate":false,"showSkybox":true,"showFlares":true,"showImageEffects":true,"showParticleSystems":true},"in2DMode":false,"pivot":{"x":1.9921016693115235,"y":1.7531590461730958,"z":-1.5548689365386963},"rotation":{"x":0.0736415684223175,"y":0.926376223564148,"z":-0.25968408584594729,"w":0.26267632842063906},"size":8.263592720031739,"orthographic":false}