{"cameraMode":{"drawMode":0,"name":"Shaded","section":"Shading Mode"},"sceneLighting":false,"audioPlay":false,"sceneViewState":{"showFog":true,"showMaterialUpdate":false,"showSkybox":false,"showFlares":true,"showImageEffects":true,"showParticleSystems":true},"in2DMode":false,"pivot":{"x":0.000048042718844953924,"y":1.6858737468719483,"z":-27.142040252685548},"rotation":{"x":0.07104168832302094,"y":-0.9105112552642822,"z":0.17746306955814362,"w":0.3669786751270294},"size":2.383807897567749,"orthographic":false}