{"cameraMode":{"drawMode":0,"name":"Shaded","section":"Shading Mode"},"sceneLighting":true,"audioPlay":false,"sceneViewState":{"showFog":true,"showMaterialUpdate":true,"showSkybox":true,"showFlares":true,"showImageEffects":true,"showParticleSystems":true},"in2DMode":false,"pivot":{"x":-0.1201397031545639,"y":7.663841724395752,"z":-19.13384437561035},"rotation":{"x":-0.12352418899536133,"y":0.8479884266853333,"z":-0.22695720195770265,"w":-0.4631151556968689},"size":106.9729232788086,"orthographic":false}