{"cameraMode":{"drawMode":0,"name":"Shaded","section":"Shading Mode"},"sceneLighting":true,"audioPlay":false,"sceneViewState":{"showFog":false,"showMaterialUpdate":false,"showSkybox":false,"showFlares":false,"showImageEffects":false,"showParticleSystems":false},"in2DMode":false,"pivot":{"x":-3.7462265491485597,"y":0.9835560917854309,"z":-0.07338663190603256},"rotation":{"x":0.007355987094342709,"y":0.9663785099983215,"z":-0.026308836415410043,"w":0.25625303387641909},"size":1.4007813930511475,"orthographic":false}