{"cameraMode":{"drawMode":0,"name":"Shaded","section":"Shading Mode"},"sceneLighting":true,"audioPlay":false,"sceneViewState":{"showFog":true,"showMaterialUpdate":false,"showSkybox":true,"showFlares":true,"showImageEffects":true,"showParticleSystems":true},"in2DMode":false,"pivot":{"x":-0.6868867874145508,"y":-0.716130256652832,"z":4.039056777954102},"rotation":{"x":0.1731136292219162,"y":-0.7605614066123962,"z":0.2255653291940689,"w":0.5837303996086121},"size":13.854028701782227,"orthographic":false}