{"cameraMode":{"drawMode":0,"name":"Shaded","section":"Shading Mode"},"sceneLighting":true,"audioPlay":false,"sceneViewState":{"showFog":false,"showMaterialUpdate":false,"showSkybox":false,"showFlares":false,"showImageEffects":false,"showParticleSystems":false},"in2DMode":false,"pivot":{"x":-0.8007521033287048,"y":-13.562850952148438,"z":-24.1425724029541},"rotation":{"x":-0.001135193626396358,"y":0.9411090016365051,"z":-0.33854660391807558,"w":-0.004685323219746351},"size":44.364524841308597,"orthographic":false}