{"cameraMode":{"drawMode":0,"name":"Shaded","section":"Shading Mode"},"sceneLighting":false,"audioPlay":false,"sceneViewState":{"showFog":false,"showMaterialUpdate":false,"showSkybox":false,"showFlares":false,"showImageEffects":false,"showParticleSystems":false},"in2DMode":false,"pivot":{"x":0.0,"y":1.019995093345642,"z":-13.7449951171875},"rotation":{"x":0.000042011160985566676,"y":0.9662061333656311,"z":-0.258394330739975,"w":-0.0018665040843188763},"size":45.497901916503909,"orthographic":false}